model,valore_AIC,valore_BIC_data,valore_BIC_subject,valore_LogLikelihood,signifi_interc1,signifi_linear1,signifi_quadra1,signifi_cubic1,signifi_quarti1,signifi_interc2,signifi_linear2,signifi_quadra2,signifi_cubic2,signifi_quarti2,signifi_interc3,signifi_linear3,signifi_quadra3,signifi_cubic3,signifi_quarti3,signifi_interc4,signifi_linear4,signifi_quadra4,signifi_cubic4,signifi_quarti4
1111,-9563,-9607,-9593,-9552,3,3,,,,3,3,,,,3,3,,,,0,3,,,
1112,-9507,-9554,-9540,-9495,3,3,,,,3,3,,,,3,3,,,,3,3,3,,
1113,-9745,-9797,-9781,-9732,0,0,,,,0,0,,,,0,0,,,,0,0,0,0,
1114,-9800,-9856,-9839,-9786,0,0,,,,0,0,,,,0,0,,,,0,0,0,0,0
1121,-9559,-9607,-9592,-9547,3,3,,,,3,3,,,,3,1,3,,,0,2,,,
1122,-9501,-9553,-9537,-9488,3,2,,,,3,3,,,,3,2,3,,,3,3,3,,
1123,-9501,-9557,-9540,-9487,3,3,,,,3,2,,,,3,2,3,,,3,3,0,0,
1124,-9551,-9611,-9593,-9536,3,3,,,,0,3,,,,3,2,3,,,3,0,0,1,2
1131,-9556,-9608,-9592,-9543,3,3,,,,3,3,,,,3,1,2,3,,0,2,,,
1132,-9496,-9552,-9534,-9482,3,3,,,,3,3,,,,3,0,1,3,,3,3,3,,
1133,-9500,-9560,-9542,-9485,3,2,,,,3,3,,,,3,0,0,2,,3,3,0,0,
1134,-9728,-9792,-9772,-9712,0,0,,,,0,0,,,,0,0,0,0,,0,0,0,0,0
1141,-9557,-9613,-9596,-9543,3,3,,,,3,3,,,,3,0,0,0,0,0,2,,,
1142,-9501,-9561,-9543,-9486,3,2,,,,3,3,,,,3,0,0,0,0,3,3,3,,
1143,-9487,-9551,-9532,-9471,3,3,,,,3,3,,,,3,0,1,0,0,3,3,3,3,
1144,-9499,-9567,-9546,-9482,3,2,,,,3,3,,,,3,0,0,0,0,3,0,2,3,2
1211,-9563,-9611,-9597,-9551,3,3,,,,3,3,0,,,3,3,,,,0,2,,,
1212,-9504,-9556,-9540,-9491,3,3,,,,3,1,3,,,3,3,,,,3,3,3,,
1213,-9505,-9561,-9544,-9491,3,2,,,,3,3,2,,,3,3,,,,3,3,0,0,
1214,-9625,-9685,-9666,-9610,3,3,,,,3,3,3,,,3,0,,,,0,0,0,0,0
1221,-9559,-9611,-9595,-9546,3,3,,,,3,3,0,,,3,1,3,,,0,2,,,
1222,-9493,-9549,-9532,-9479,3,3,,,,3,0,3,,,3,3,3,,,3,3,3,,
1223,-9575,-9635,-9616,-9560,0,0,,,,0,0,0,,,0,0,0,,,0,0,0,0,
1224,-9500,-9564,-9544,-9484,3,0,,,,3,2,2,,,3,3,3,,,3,0,3,3,3
1231,-9557,-9613,-9595,-9543,3,3,,,,3,3,0,,,3,1,2,3,,0,2,,,
1232,-9499,-9559,-9540,-9484,3,0,,,,3,3,2,,,3,0,0,2,,3,3,3,,
1233,-9499,-9563,-9543,-9483,3,1,,,,3,3,2,,,3,0,0,2,,3,3,0,0,
1234,-9496,-9564,-9543,-9479,3,0,,,,3,3,2,,,3,0,0,2,,3,0,2,3,3
1241,-9558,-9618,-9599,-9543,3,3,,,,3,3,0,,,3,0,0,0,0,0,2,,,
1242,-9490,-9554,-9534,-9474,3,3,,,,3,0,3,,,3,1,2,1,0,3,3,3,,
1243,-9483,-9551,-9530,-9466,3,3,,,,3,1,3,,,3,0,1,1,0,3,3,3,3,
1244,-9497,-9569,-9547,-9479,3,0,,,,3,3,2,,,3,0,0,0,0,3,0,2,3,3
1311,-9558,-9609,-9593,-9545,0,3,,,,3,0,3,3,,3,3,,,,3,3,,,
1312,-9502,-9558,-9541,-9488,3,3,,,,3,0,3,3,,3,3,,,,3,3,3,,
1313,-9489,-9549,-9531,-9474,3,3,,,,3,3,3,3,,3,3,,,,3,3,3,3,
1314,-9498,-9562,-9542,-9482,3,2,,,,3,1,3,3,,3,3,,,,3,0,2,3,3
1321,-9553,-9609,-9591,-9539,0,2,,,,3,0,3,3,,3,2,3,,,3,3,,,
1322,-9490,-9550,-9532,-9475,3,3,,,,3,1,3,3,,3,3,3,,,3,3,3,,
1323,-9495,-9559,-9539,-9479,3,2,,,,3,1,3,3,,3,2,3,,,3,3,0,0,
1324,-9492,-9560,-9539,-9475,3,2,,,,3,1,3,3,,3,2,3,,,3,0,2,3,3
1331,-9550,-9610,-9591,-9535,3,3,,,,3,0,3,3,,3,1,2,3,,0,2,,,
1332,-9494,-9558,-9538,-9478,3,2,,,,3,1,3,3,,3,0,0,2,,3,3,3,,
1333,-9494,-9562,-9541,-9477,3,2,,,,3,1,3,3,,3,0,0,2,,3,3,0,0,
1334,-9491,-9563,-9541,-9473,3,2,,,,3,1,3,3,,3,0,0,2,,3,0,2,3,3
1341,-9550,-9614,-9595,-9534,3,3,,,,3,0,3,3,,3,0,0,0,0,0,2,,,
1342,-9487,-9555,-9534,-9470,3,3,,,,3,1,3,3,,3,2,2,1,0,3,3,3,,
1343,-9495,-9567,-9544,-9477,3,2,,,,3,1,3,3,,3,0,0,0,0,3,3,0,0,
1344,-9462,-9538,-9515,-9443,3,3,,,,3,3,3,3,,3,0,0,0,0,3,0,0,1,0
1411,-9556,-9612,-9595,-9542,0,3,,,,3,0,0,1,2,3,3,,,,3,3,,,
1412,-9501,-9560,-9542,-9486,3,2,,,,3,0,0,0,0,3,3,,,,3,3,3,,
1413,-9489,-9553,-9533,-9473,3,3,,,,3,0,0,0,1,3,3,,,,3,3,3,3,
1414,-9489,-9557,-9536,-9472,3,3,,,,3,0,0,0,1,3,3,,,,3,3,0,0,0
1421,-9551,-9611,-9593,-9536,0,3,,,,3,0,0,1,2,3,2,3,,,3,3,,,
1422,-9490,-9554,-9534,-9474,3,3,,,,3,0,0,0,1,3,3,3,,,3,3,3,,
1423,-9477,-9545,-9524,-9460,3,3,,,,3,0,0,0,1,3,3,3,,,3,3,3,3,
1424,-9478,-9549,-9527,-9460,3,3,,,,3,0,0,0,2,3,3,3,,,3,2,0,0,0
1431,-9548,-9612,-9593,-9532,3,3,,,,3,0,0,0,2,3,1,2,3,,0,3,,,
1432,-9487,-9555,-9534,-9470,3,3,,,,3,0,0,0,1,3,0,2,3,,3,3,3,,
1433,-9476,-9548,-9526,-9458,3,3,,,,3,0,0,0,1,3,0,0,2,,3,3,3,3,
1434,-9491,-9566,-9543,-9472,3,2,,,,3,0,0,0,1,3,0,0,2,,3,0,2,3,3
1441,-9549,-9617,-9596,-9532,3,3,,,,3,0,0,0,2,3,0,0,0,0,0,3,,,
1442,-9495,-9566,-9544,-9477,3,2,,,,3,0,0,0,0,3,0,0,0,0,3,3,3,,
1443,-9495,-9571,-9547,-9476,3,2,,,,3,0,0,0,0,3,0,0,0,0,3,3,0,0,
1444,-9476,-9556,-9531,-9456,3,3,,,,3,0,0,0,2,3,1,1,1,0,3,2,0,0,0
2111,-9510,-9558,-9543,-9498,3,3,3,,,3,3,,,,3,3,,,,3,3,,,
2112,-9505,-9557,-9541,-9492,3,3,1,,,3,2,,,,3,3,,,,3,3,3,,
2113,-9505,-9561,-9544,-9491,3,3,2,,,3,2,,,,3,3,,,,3,3,0,0,
2114,-9774,-9834,-9815,-9759,0,0,0,,,0,0,,,,0,0,,,,0,0,0,0,0
2121,-9501,-9553,-9537,-9488,3,3,3,,,3,3,,,,3,2,3,,,3,2,,,
2122,-9472,-9528,-9511,-9458,3,3,3,,,3,3,,,,3,3,3,,,3,3,3,,
2123,-9472,-9532,-9513,-9457,3,3,3,,,3,3,,,,3,3,3,,,3,3,0,0,
2124,-9471,-9535,-9515,-9455,3,3,3,,,3,3,,,,3,3,3,,,3,0,1,2,1
2131,-9496,-9552,-9534,-9482,3,3,3,,,3,3,,,,3,0,1,3,,3,3,,,
2132,-9499,-9559,-9540,-9484,3,3,2,,,3,0,,,,3,0,0,2,,3,3,3,,
2133,-9499,-9563,-9543,-9483,3,3,2,,,3,1,,,,3,0,0,2,,3,3,0,0,
2134,-9464,-9532,-9511,-9447,3,3,3,,,3,3,,,,3,0,0,0,,3,2,0,0,0
2141,-9501,-9561,-9543,-9486,3,3,3,,,3,3,,,,3,0,0,0,0,3,2,,,
2142,-9471,-9535,-9515,-9455,3,3,3,,,3,3,,,,3,0,1,1,0,3,3,3,,
2143,-9464,-9531,-9510,-9447,3,3,3,,,3,3,,,,3,0,0,0,0,3,3,3,3,
2144,-9497,-9569,-9547,-9479,3,3,2,,,3,0,,,,3,0,0,0,0,3,0,2,3,3
2211,-9501,-9553,-9537,-9488,3,2,3,,,3,3,3,,,3,3,,,,3,2,,,
2212,-9481,-9536,-9519,-9467,3,3,3,,,3,2,3,,,3,3,,,,3,3,3,,
2213,-9480,-9540,-9521,-9465,3,3,3,,,3,2,3,,,3,3,,,,3,3,0,1,
2214,-9621,-9685,-9666,-9605,0,0,0,,,0,0,0,,,0,0,,,,0,0,0,0,0
2221,-9493,-9549,-9532,-9479,3,3,3,,,3,0,3,,,3,3,3,,,3,3,,,
2222,-9467,-9527,-9509,-9452,3,3,3,,,3,2,3,,,3,3,3,,,3,3,3,,
2223,-9460,-9524,-9504,-9444,3,3,3,,,3,2,3,,,3,3,3,,,3,3,3,3,
2224,-9466,-9534,-9513,-9449,3,3,3,,,3,2,3,,,3,3,3,,,3,0,1,2,2
2231,-9499,-9559,-9540,-9484,3,3,3,,,3,3,2,,,3,0,0,2,,3,0,,,
2232,-9557,-9621,-9601,-9541,3,3,3,,,3,2,2,,,3,3,3,3,,0,0,0,,
2233,-9465,-9533,-9512,-9448,3,3,3,,,3,2,3,,,3,0,0,2,,3,3,0,1,
2234,-9465,-9537,-9514,-9447,3,3,3,,,3,2,3,,,3,0,0,2,,3,0,1,2,2
2241,-9500,-9564,-9544,-9484,3,3,3,,,3,3,2,,,3,0,0,0,0,3,0,,,
2242,-9466,-9534,-9513,-9449,3,3,3,,,3,2,3,,,3,0,1,1,0,3,3,3,,
2243,-9465,-9537,-9515,-9447,3,3,3,,,3,2,3,,,3,0,1,1,0,3,3,0,1,
2244,-9465,-9540,-9517,-9446,3,3,3,,,3,2,3,,,3,0,1,1,0,3,0,1,2,2
2311,-9553,-9609,-9591,-9539,3,2,3,,,3,0,3,3,,0,2,,,,3,3,,,
2312,-9477,-9537,-9519,-9462,3,3,3,,,3,1,3,3,,3,3,,,,3,3,3,,
2313,-9465,-9528,-9509,-9449,3,3,3,,,3,3,3,3,,3,3,,,,3,3,3,3,
2314,-9553,-9621,-9600,-9536,0,0,0,,,0,0,0,0,,0,0,,,,0,0,0,0,0
2321,-9490,-9550,-9532,-9475,3,3,3,,,3,1,3,3,,3,3,3,,,3,3,,,
2322,-9464,-9528,-9508,-9448,3,3,3,,,3,1,3,3,,3,3,3,,,3,3,3,,
2323,-9452,-9520,-9499,-9435,3,3,3,,,3,3,3,3,,3,3,3,,,3,3,3,3,
2324,-9462,-9534,-9512,-9444,3,3,3,,,3,1,3,3,,3,3,3,,,3,0,1,2,2
2331,-9494,-9558,-9538,-9478,3,3,3,,,3,1,3,3,,3,0,0,2,,3,2,,,
2332,-9463,-9530,-9510,-9446,3,3,3,,,3,1,3,3,,3,0,0,2,,3,3,3,,
2333,-9462,-9534,-9512,-9444,3,3,3,,,3,1,3,3,,3,0,0,2,,3,3,0,0,
2334,-9461,-9537,-9514,-9442,3,3,3,,,3,1,3,3,,3,0,0,2,,3,0,1,2,2
2341,-9495,-9562,-9541,-9478,3,3,3,,,3,1,3,3,,3,0,0,0,0,3,2,,,
2342,-9462,-9534,-9512,-9444,3,3,3,,,3,1,3,3,,3,0,1,1,0,3,3,3,,
2343,-9453,-9529,-9505,-9434,3,3,3,,,3,3,3,3,,3,0,0,0,0,3,3,3,3,
2344,-9539,-9619,-9594,-9519,0,0,0,,,0,0,0,0,,0,0,0,0,0,0,0,0,0,0
2411,-9502,-9562,-9544,-9487,3,3,3,,,3,0,0,0,0,3,3,,,,3,3,,,
2412,-10354,-10418,-10399,-10338,0,0,0,,,0,0,0,0,0,0,0,,,,0,0,0,,
2413,-9464,-9532,-9511,-9447,3,3,3,,,3,0,0,0,0,3,3,,,,3,3,3,3,
2414,-9465,-9537,-9515,-9447,3,3,3,,,3,0,0,0,0,3,3,,,,3,2,0,0,0
2421,-9490,-9554,-9534,-9474,3,3,3,,,3,0,0,0,1,3,3,3,,,3,3,,,
2422,-9464,-9532,-9511,-9447,3,3,3,,,3,0,0,0,0,3,3,3,,,3,3,3,,
2423,-9452,-9524,-9502,-9434,3,3,3,,,3,0,0,0,0,3,3,3,,,3,3,3,3,
2424,-9452,-9528,-9505,-9433,3,3,3,,,3,0,0,0,1,3,3,3,,,3,2,0,0,0
2431,-9487,-9555,-9534,-9470,3,3,3,,,3,0,0,0,1,3,0,2,3,,3,3,,,
2432,-9463,-9534,-9512,-9445,3,3,3,,,3,0,0,0,0,3,0,0,2,,3,3,3,,
2433,-9452,-9528,-9505,-9433,3,3,3,,,3,0,0,0,0,3,0,0,0,,3,3,3,3,
2434,-9461,-9541,-9516,-9441,3,3,3,,,3,0,0,0,1,3,0,0,2,,3,0,1,2,2
2441,-9495,-9566,-9544,-9477,3,3,3,,,3,0,0,0,0,3,0,0,0,0,3,2,,,
2442,-9463,-9538,-9515,-9444,3,3,3,,,3,0,0,0,0,3,0,1,1,0,3,3,3,,
2443,-9462,-9542,-9517,-9442,3,3,3,,,3,0,0,0,0,3,0,1,1,0,3,3,0,1,
2444,-9461,-9545,-9519,-9440,3,3,3,,,3,0,0,0,0,3,0,1,1,0,3,0,1,2,2
3111,-9507,-9558,-9542,-9494,3,3,0,0,,3,3,,,,3,3,,,,3,3,,,
3112,-9565,-9621,-9604,-9551,0,0,0,0,,0,0,,,,0,0,,,,0,0,0,,
3113,-9501,-9561,-9542,-9486,3,1,3,3,,3,2,,,,3,3,,,,3,3,0,0,
3114,-9610,-9674,-9654,-9594,0,0,0,0,,0,0,,,,0,0,,,,0,0,0,0,0
3121,-9639,-9695,-9678,-9625,0,0,0,0,,0,0,,,,0,0,0,,,0,0,,,
3122,-9537,-9597,-9578,-9522,0,0,0,0,,0,0,,,,0,0,0,,,0,0,0,,
3123,-9495,-9559,-9539,-9479,3,1,3,3,,3,2,,,,3,2,3,,,3,3,0,0,
3124,-9495,-9563,-9542,-9478,3,3,0,0,,3,2,,,,3,2,3,,,3,0,0,0,0
3131,-9500,-9560,-9542,-9485,3,3,0,0,,3,3,,,,3,0,0,2,,3,2,,,
3132,-9471,-9534,-9515,-9455,3,3,0,0,,3,3,,,,3,0,0,2,,3,3,3,,
3133,-9462,-9530,-9509,-9445,3,3,3,3,,3,3,,,,3,0,0,0,,3,3,0,2,
3134,-9830,-9902,-9880,-9812,0,0,0,0,,0,0,,,,0,0,0,0,,0,0,0,0,0
3141,-9501,-9565,-9545,-9485,3,3,0,0,,3,3,,,,3,0,0,0,0,3,2,,,
3142,-9471,-9538,-9517,-9454,3,3,0,0,,3,3,,,,3,0,1,1,0,3,3,3,,
3143,-9495,-9567,-9544,-9477,3,1,3,3,,3,2,,,,3,0,0,0,0,3,3,0,0,
3144,-9463,-9539,-9515,-9444,3,3,0,2,,3,3,,,,3,0,0,0,0,3,1,0,0,0
3211,-9505,-9561,-9544,-9491,3,3,0,0,,3,3,2,,,3,3,,,,3,2,,,
3212,-9480,-9540,-9521,-9465,3,3,0,1,,3,2,3,,,3,3,,,,3,3,3,,
3213,-9470,-9534,-9514,-9454,3,3,3,3,,3,2,3,,,3,3,,,,3,3,0,2,
3214,-9611,-9679,-9658,-9594,0,0,0,0,,0,0,0,,,0,0,,,,0,0,0,0,0
3221,-9500,-9560,-9541,-9485,3,3,0,0,,3,3,2,,,3,2,3,,,3,1,,,
3222,-9467,-9531,-9511,-9451,3,3,0,1,,3,2,3,,,3,3,3,,,3,3,3,,
3223,-9464,-9531,-9510,-9447,3,3,0,0,,3,3,3,,,3,3,3,,,3,1,3,3,
3224,-9458,-9530,-9507,-9440,3,3,3,3,,3,2,3,,,3,3,3,,,3,0,0,1,0
3231,-9499,-9563,-9543,-9483,3,3,0,0,,3,3,2,,,3,0,0,2,,3,1,,,
3232,-9465,-9533,-9512,-9448,3,3,0,1,,3,2,3,,,3,0,0,2,,3,3,3,,
3233,-9462,-9534,-9512,-9444,3,3,0,0,,3,3,3,,,3,0,0,2,,3,1,3,3,
3234,-9459,-9534,-9511,-9440,3,3,0,2,,3,2,3,,,3,0,0,0,,3,2,0,0,0
3241,-9500,-9568,-9547,-9483,3,3,0,0,,3,3,2,,,3,0,0,0,0,3,0,,,
3242,-9465,-9537,-9515,-9447,3,3,0,1,,3,2,3,,,3,0,1,1,0,3,3,3,,
3243,-9458,-9534,-9511,-9439,3,3,0,2,,3,2,3,,,3,0,0,0,0,3,3,3,3,
3244,-9462,-9542,-9517,-9442,3,3,0,1,,3,3,3,,,3,0,1,1,0,3,0,0,0,0
3311,-9489,-9549,-9531,-9474,3,3,3,3,,3,3,3,3,,3,3,,,,3,3,,,
3312,-9465,-9528,-9509,-9449,3,3,3,3,,3,3,3,3,,3,3,,,,3,3,3,,
3313,-9463,-9531,-9510,-9446,3,3,3,3,,3,3,3,3,,3,3,,,,3,3,0,2,
3314,-9463,-9534,-9512,-9445,3,3,3,3,,3,3,3,3,,3,3,,,,3,0,1,2,1
3321,-9495,-9559,-9539,-9479,3,3,0,0,,3,1,3,3,,3,2,3,,,3,2,,,
3322,-9452,-9520,-9499,-9435,3,3,3,3,,3,3,3,3,,3,3,3,,,3,3,3,,
3323,-9451,-9523,-9501,-9433,3,3,3,3,,3,3,3,3,,3,3,3,,,3,3,0,2,
3324,-9451,-9527,-9503,-9432,3,3,3,3,,3,3,3,3,,3,3,3,,,3,0,1,2,1
3331,-9494,-9562,-9541,-9477,3,3,0,0,,3,1,3,3,,3,0,0,2,,3,2,,,
3332,-9462,-9534,-9512,-9444,3,3,0,0,,3,1,3,3,,3,0,0,2,,3,3,3,,
3333,-9451,-9527,-9504,-9432,3,3,0,2,,3,3,3,3,,3,0,0,0,,3,3,3,3,
3334,-9451,-9531,-9506,-9431,3,3,3,3,,3,3,3,3,,3,0,0,0,,3,0,0,1,1
3341,-9495,-9567,-9544,-9477,3,3,0,0,,3,1,3,3,,3,0,0,0,0,3,2,,,
3342,-9453,-9529,-9505,-9434,3,3,3,3,,3,3,3,3,,3,0,0,0,0,3,3,3,,
3343,-9451,-9531,-9507,-9431,3,3,0,2,,3,3,3,3,,3,0,0,0,0,3,3,3,3,
3344,-9452,-9535,-9510,-9431,3,3,0,2,,3,3,3,3,,3,0,0,0,0,3,2,0,0,0
3411,-9489,-9553,-9533,-9473,3,3,3,3,,3,0,0,0,1,3,3,,,,3,3,,,
3412,-9464,-9532,-9511,-9447,3,3,3,3,,3,0,0,0,0,3,3,,,,3,3,3,,
3413,-9463,-9535,-9512,-9445,3,3,0,2,,3,0,0,0,0,3,3,,,,3,3,3,3,
3414,-9462,-9538,-9514,-9443,3,3,3,3,,3,0,0,0,1,3,3,,,,3,0,1,2,1
3421,-9477,-9545,-9524,-9460,3,3,3,3,,3,0,0,0,1,3,3,3,,,3,3,,,
3422,-9452,-9524,-9502,-9434,3,3,3,3,,3,0,0,0,0,3,3,3,,,3,3,3,,
3423,-9451,-9526,-9503,-9432,3,3,0,2,,3,0,0,0,1,3,3,3,,,3,3,3,3,
3424,-9451,-9531,-9506,-9431,3,3,0,2,,3,0,0,0,1,3,3,3,,,3,2,0,0,0
3431,-9476,-9548,-9526,-9458,3,3,3,3,,3,0,0,0,1,3,0,0,2,,3,3,,,
3432,-9452,-9528,-9505,-9433,3,3,3,3,,3,0,0,0,0,3,0,0,0,,3,3,3,,
3433,-9451,-9530,-9506,-9431,3,3,0,2,,3,0,0,0,1,3,0,0,0,,3,3,3,3,
3434,-9451,-9534,-9509,-9430,3,3,0,2,,3,0,0,0,2,3,0,0,0,,3,2,0,0,0
3441,-9495,-9571,-9547,-9476,3,3,0,0,,3,0,0,0,0,3,0,0,0,0,3,2,,,
3442,-9462,-9542,-9517,-9442,3,3,0,1,,3,0,0,0,0,3,0,1,1,0,3,3,3,,
3443,-9451,-9535,-9509,-9430,3,3,0,2,,3,0,0,0,1,3,0,0,0,0,3,3,3,3,
3444,-9451,-9538,-9511,-9429,3,3,3,3,,3,0,0,0,1,3,0,0,0,0,3,0,1,2,1
4111,-9648,-9704,-9687,-9634,0,0,0,0,0,0,0,,,,0,0,,,,0,0,,,
4112,-9625,-9685,-9666,-9610,0,0,0,0,0,0,0,,,,0,0,,,,0,0,0,,
4113,-9601,-9665,-9645,-9585,0,0,0,0,0,0,0,,,,0,0,,,,0,0,0,0,
4114,-9618,-9686,-9665,-9601,0,0,0,0,0,3,3,,,,3,0,,,,3,0,0,0,0
4121,-9499,-9559,-9541,-9484,3,0,2,3,2,3,3,,,,3,2,3,,,3,2,,,
4122,-9604,-9668,-9648,-9588,0,0,0,0,0,0,0,,,,0,0,0,,,0,0,0,,
4123,-9605,-9673,-9652,-9588,0,0,0,0,0,0,0,,,,0,0,0,,,0,0,0,0,
4124,-9703,-9775,-9753,-9685,0,0,0,0,0,0,0,,,,0,0,0,,,0,0,0,0,0
4131,-9498,-9562,-9542,-9482,3,0,2,3,2,3,3,,,,3,0,0,2,,3,2,,,
4132,-9494,-9562,-9541,-9477,3,0,0,0,0,3,2,,,,3,0,0,2,,3,3,3,,
4133,-9462,-9534,-9512,-9444,3,0,0,1,0,3,3,,,,3,0,0,0,,3,3,3,3,
4134,-9491,-9566,-9543,-9472,3,0,2,3,3,3,2,,,,3,0,0,2,,3,0,0,0,1
4141,-9499,-9567,-9546,-9482,3,0,2,3,2,3,3,,,,3,0,0,0,0,3,2,,,
4142,-9495,-9566,-9544,-9477,3,0,0,0,0,3,2,,,,3,0,0,0,0,3,3,3,,
4143,-9462,-9538,-9515,-9443,3,0,0,1,0,3,3,,,,3,0,0,0,0,3,3,3,3,
4144,-9492,-9571,-9547,-9472,3,0,0,0,1,3,2,,,,3,0,0,0,0,3,0,2,3,3
4211,-9625,-9685,-9666,-9610,0,0,0,0,0,3,3,3,,,3,0,,,,3,3,,,
4212,-9621,-9685,-9666,-9605,0,0,0,0,0,0,0,0,,,0,0,,,,0,0,0,,
4213,-9611,-9679,-9658,-9594,0,0,0,0,0,0,0,0,,,0,0,,,,0,0,0,0,
4214,-9664,-9736,-9714,-9646,0,0,0,0,0,0,0,0,,,0,0,,,,0,0,0,0,0
4221,-9498,-9561,-9542,-9482,3,0,2,3,3,3,3,2,,,3,2,3,,,3,1,,,
4222,-9466,-9534,-9513,-9449,3,0,1,2,2,3,2,3,,,3,3,3,,,3,3,3,,
4223,-9597,-9669,-9647,-9579,0,0,0,0,0,0,0,0,,,0,0,0,,,0,0,0,0,
4224,-9600,-9675,-9652,-9581,3,2,0,0,1,3,3,3,,,3,3,3,,,0,0,0,0,0
4231,-9496,-9564,-9543,-9479,3,0,2,3,3,3,3,2,,,3,0,0,2,,3,0,,,
4232,-9514,-9586,-9564,-9496,0,0,0,0,0,0,0,0,,,0,0,0,0,,0,0,0,,
4233,-9461,-9537,-9514,-9442,3,0,1,2,2,3,3,3,,,3,0,0,2,,3,1,3,3,
4234,-9703,-9782,-9758,-9683,0,0,0,0,0,0,0,0,,,0,0,0,0,,0,0,0,0,0
4241,-9497,-9569,-9547,-9479,3,0,2,3,3,3,3,2,,,3,0,0,0,0,3,0,,,
4242,-9465,-9540,-9517,-9446,3,0,1,2,2,3,2,3,,,3,0,1,1,0,3,3,3,,
4243,-9459,-9538,-9514,-9439,3,1,0,0,0,3,2,3,,,3,0,0,0,0,3,3,0,2,
4244,-9459,-9542,-9517,-9438,3,1,0,0,0,3,2,3,,,3,0,0,0,0,3,0,0,1,0
4311,-9589,-9653,-9633,-9573,0,0,0,0,0,0,0,0,0,,0,0,,,,0,0,,,
4312,-9476,-9544,-9523,-9459,3,0,1,2,2,3,1,3,3,,3,3,,,,3,3,3,,
4313,-9642,-9714,-9692,-9624,0,0,0,0,0,0,0,0,0,,0,0,,,,0,0,0,0,
4314,-9637,-9713,-9689,-9618,0,0,0,0,0,0,0,0,0,,0,0,,,,0,0,0,0,0
4321,-9492,-9560,-9539,-9475,3,0,2,3,3,3,1,3,3,,3,2,3,,,3,2,,,
4322,-9462,-9534,-9512,-9444,3,0,1,2,2,3,1,3,3,,3,3,3,,,3,3,3,,
4323,-9628,-9704,-9681,-9609,0,0,0,0,0,0,0,0,0,,0,0,0,,,0,0,0,0,
4324,-9450,-9530,-9505,-9430,3,0,0,0,1,3,3,3,3,,3,3,3,,,3,0,1,2,1
4331,-9618,-9690,-9668,-9600,0,0,0,0,0,0,0,0,0,,0,0,0,0,,0,0,,,
4332,-9461,-9537,-9514,-9442,3,0,1,2,2,3,1,3,3,,3,0,0,2,,3,3,3,,
4333,-9451,-9531,-9506,-9431,3,0,0,1,1,3,3,3,3,,3,0,0,0,,3,3,3,3,
4334,-9522,-9606,-9580,-9501,0,0,0,0,0,0,0,0,0,,0,0,0,0,,0,0,0,0,0
4341,-9492,-9568,-9544,-9473,3,0,2,3,3,3,2,3,3,,3,0,0,0,0,3,2,,,
4342,-9461,-9541,-9516,-9441,3,0,1,2,2,3,1,3,3,,3,0,1,1,0,3,3,3,,
4343,-9451,-9535,-9509,-9430,3,0,0,1,0,3,3,3,3,,3,0,0,0,0,3,3,3,3,
4344,-9451,-9538,-9511,-9429,3,0,1,2,1,3,3,3,3,,3,0,0,0,0,3,0,0,0,1
4411,-9489,-9557,-9536,-9472,3,3,0,0,0,3,0,0,0,1,3,3,,,,3,3,,,
4412,-9465,-9537,-9515,-9447,3,2,0,0,0,3,0,0,0,0,3,3,,,,3,3,3,,
4413,-9462,-9538,-9514,-9443,3,0,1,2,1,3,0,0,0,1,3,3,,,,3,3,3,3,
4414,-9487,-9566,-9542,-9467,0,0,0,0,0,0,0,0,0,0,0,0,,,,0,0,0,0,0
4421,-9478,-9549,-9527,-9460,3,2,0,0,0,3,0,0,0,2,3,3,3,,,3,3,,,
4422,-9452,-9528,-9505,-9433,3,2,0,0,0,3,0,0,0,1,3,3,3,,,3,3,3,,
4423,-9580,-9660,-9635,-9560,2,0,0,0,0,3,2,0,1,2,3,3,3,,,3,3,1,0,
4424,-9468,-9552,-9526,-9447,0,0,0,0,0,0,0,0,0,0,0,0,0,,,0,0,0,0,0
4431,-9476,-9552,-9528,-9457,3,2,0,0,0,3,0,0,0,2,3,0,0,2,,3,3,,,
4432,-9461,-9541,-9516,-9441,3,0,1,2,2,3,0,0,0,1,3,0,0,2,,3,3,3,,
4433,-9451,-9534,-9509,-9430,3,2,0,0,0,3,0,0,0,2,3,0,0,0,,3,3,0,2,
4434,-9986,-10074,-10047,-9964,0,0,0,0,0,0,0,0,0,0,0,0,0,0,,0,0,0,0,0
4441,-9476,-9556,-9531,-9456,3,2,0,0,0,3,0,0,0,2,3,1,1,1,0,3,3,,,
4442,-9461,-9545,-9519,-9440,3,0,1,2,2,3,0,0,0,0,3,0,1,1,0,3,3,3,,
4443,-9451,-9538,-9511,-9429,3,0,1,2,1,3,0,0,0,1,3,0,0,0,0,3,3,3,3,
4444,-9451,-9542,-9514,-9428,3,1,0,0,0,3,0,0,0,2,3,0,0,0,0,3,0,0,1,0
